episode,step,reward,mean_100
1,14,14.0,14.0
2,29,15.0,14.5
3,52,23.0,17.33
4,73,21.0,18.25
5,94,21.0,18.8
6,104,10.0,17.33
7,119,15.0,17.0
8,133,14.0,16.62
9,188,55.0,20.89
10,202,14.0,20.2
11,217,15.0,19.73
12,227,10.0,18.92
13,242,15.0,18.62
14,257,15.0,18.36
15,272,15.0,18.13
16,294,22.0,18.38
17,323,29.0,19.0
18,339,16.0,18.83
19,354,15.0,18.63
20,373,19.0,18.65
21,394,21.0,18.76
22,404,10.0,18.36
23,425,21.0,18.48
24,443,18.0,18.46
25,494,51.0,19.76
26,512,18.0,19.69
27,529,17.0,19.59
28,549,20.0,19.61
29,563,14.0,19.41
30,582,19.0,19.4
31,601,19.0,19.39
32,617,16.0,19.28
33,631,14.0,19.12
34,657,26.0,19.32
35,687,30.0,19.63
36,763,76.0,21.19
37,778,15.0,21.03
38,805,27.0,21.18
39,821,16.0,21.05
40,843,22.0,21.07
41,861,18.0,21.0
42,900,39.0,21.43
43,912,12.0,21.21
44,932,20.0,21.18
45,990,58.0,22.0
46,1009,19.0,21.93
47,1035,26.0,22.02
48,1052,17.0,21.92
49,1065,13.0,21.73
50,1103,38.0,22.06
51,1171,68.0,22.96
52,1194,23.0,22.96
53,1228,34.0,23.17
54,1250,22.0,23.15
55,1287,37.0,23.4
56,1330,43.0,23.75
57,1356,26.0,23.79
58,1374,18.0,23.69
59,1412,38.0,23.93
60,1424,12.0,23.73
61,1445,21.0,23.69
62,1519,74.0,24.5
63,1545,26.0,24.52
64,1587,42.0,24.8
65,1634,47.0,25.14
66,1666,32.0,25.24
67,1697,31.0,25.33
68,1722,25.0,25.32
69,1735,13.0,25.14
70,1761,26.0,25.16
71,1778,17.0,25.04
72,1796,18.0,24.94
73,1805,9.0,24.73
74,1822,17.0,24.62
75,1862,40.0,24.83
76,1889,27.0,24.86
77,1900,11.0,24.68
78,1921,21.0,24.63
79,1981,60.0,25.08
80,2014,33.0,25.18
81,2038,24.0,25.16
82,2050,12.0,25.0
83,2078,28.0,25.04
84,2099,21.0,24.99
85,2136,37.0,25.13
86,2199,63.0,25.57
87,2217,18.0,25.48
88,2238,21.0,25.43
89,2256,18.0,25.35
90,2285,29.0,25.39
91,2299,14.0,25.26
92,2318,19.0,25.2
93,2341,23.0,25.17
94,2420,79.0,25.74
95,2452,32.0,25.81
96,2467,15.0,25.7
97,2481,14.0,25.58
98,2530,49.0,25.82
99,2563,33.0,25.89
100,2597,34.0,25.97
101,2627,30.0,26.13
102,2647,20.0,26.18
103,2664,17.0,26.12
104,2692,28.0,26.19
105,2722,30.0,26.28
106,2757,35.0,26.53
107,2781,24.0,26.62
108,2796,15.0,26.63
109,2816,20.0,26.28
110,2854,38.0,26.52
111,2872,18.0,26.55
112,2901,29.0,26.74
113,2918,17.0,26.76
114,2958,40.0,27.01
115,2993,35.0,27.21
116,3019,26.0,27.25
117,3045,26.0,27.22
118,3070,25.0,27.31
119,3114,44.0,27.6
120,3153,39.0,27.8
121,3183,30.0,27.89
122,3193,10.0,27.89
123,3241,48.0,28.16
124,3258,17.0,28.15
125,3277,19.0,27.83
126,3318,41.0,28.06
127,3335,17.0,28.06
128,3355,20.0,28.06
129,3379,24.0,28.16
130,3442,63.0,28.6
131,3486,44.0,28.85
132,3506,20.0,28.89
133,3532,26.0,29.01
134,3559,27.0,29.02
135,3594,35.0,29.07
136,3628,34.0,28.65
137,3643,15.0,28.65
138,3654,11.0,28.49
139,3683,29.0,28.62
140,3708,25.0,28.65
141,3725,17.0,28.64
142,3765,40.0,28.65
143,3781,16.0,28.69
144,3811,30.0,28.79
145,3844,33.0,28.54
146,3865,21.0,28.56
147,3891,26.0,28.56
148,3907,16.0,28.55
149,3940,33.0,28.75
150,3964,24.0,28.61
151,4012,48.0,28.41
152,4031,19.0,28.37
153,4068,37.0,28.4
154,4174,106.0,29.24
155,4205,31.0,29.18
156,4246,41.0,29.16
157,4352,106.0,29.96
158,4437,85.0,30.63
159,4501,64.0,30.89
160,4541,40.0,31.17
161,4586,45.0,31.41
162,4606,20.0,30.87
163,4674,68.0,31.29
164,4706,32.0,31.19
165,4774,68.0,31.4
166,4839,65.0,31.73
167,4855,16.0,31.58
168,4889,34.0,31.67
169,4982,93.0,32.47
170,5031,49.0,32.7
171,5055,24.0,32.77
172,5095,40.0,32.99
173,5112,17.0,33.07
174,5166,54.0,33.44
175,5213,47.0,33.51
176,5228,15.0,33.39
177,5298,70.0,33.98
178,5349,51.0,34.28
179,5366,17.0,33.85
180,5401,35.0,33.87
181,5417,16.0,33.79
182,5485,68.0,34.35
183,5505,20.0,34.27
184,5526,21.0,34.27
185,5567,41.0,34.31
186,5614,47.0,34.15
187,5649,35.0,34.32
188,5711,62.0,34.73
189,5746,35.0,34.9
190,5764,18.0,34.79
191,5891,127.0,35.92
192,5936,45.0,36.18
193,5953,17.0,36.12
194,6001,48.0,35.81
195,6022,21.0,35.7
196,6043,21.0,35.76
197,6083,40.0,36.02
198,6126,43.0,35.96
199,6170,44.0,36.07
200,6205,35.0,36.08
201,6216,11.0,35.89
202,6246,30.0,35.99
203,6268,22.0,36.04
204,6292,24.0,36.0
205,6321,29.0,35.99
206,6372,51.0,36.15
207,6411,39.0,36.3
208,6428,17.0,36.32
209,6452,24.0,36.36
210,6522,70.0,36.68
211,6617,95.0,37.45
212,6654,37.0,37.53
213,6681,27.0,37.63
214,6713,32.0,37.55
215,6767,54.0,37.74
216,6779,12.0,37.6
217,6846,67.0,38.01
218,6902,56.0,38.32
219,6939,37.0,38.25
220,6991,52.0,38.38
221,7033,42.0,38.5
222,7094,61.0,39.01
223,7148,54.0,39.07
224,7178,30.0,39.2
225,7207,29.0,39.3
226,7224,17.0,39.06
227,7294,70.0,39.59
228,7311,17.0,39.56
229,7339,28.0,39.6
230,7360,21.0,39.18
231,7392,32.0,39.06
232,7447,55.0,39.41
233,7491,44.0,39.59
234,7527,36.0,39.68
235,7581,54.0,39.87
236,7632,51.0,40.04
237,7663,31.0,40.2
238,7698,35.0,40.44
239,7743,45.0,40.6
240,7815,72.0,41.07
241,7924,109.0,41.99
242,7994,70.0,42.29
243,8038,44.0,42.57
244,8078,40.0,42.67
245,8137,59.0,42.93
246,8183,46.0,43.18
247,8248,65.0,43.57
248,8303,55.0,43.96
249,8349,46.0,44.09
250,8374,25.0,44.1
251,8449,75.0,44.37
252,8536,87.0,45.05
253,8590,54.0,45.22
254,8614,24.0,44.4
255,8655,41.0,44.5
256,8798,143.0,45.52
257,8815,17.0,44.63
258,8849,34.0,44.12
259,8913,64.0,44.12
260,8953,40.0,44.12
261,9001,48.0,44.15
262,9070,69.0,44.64
263,9106,36.0,44.32
264,9147,41.0,44.41
265,9212,65.0,44.38
266,9257,45.0,44.18
267,9280,23.0,44.25
268,9342,62.0,44.53
269,9423,81.0,44.41
270,9442,19.0,44.11
271,9469,27.0,44.14
272,9578,109.0,44.83
273,9620,42.0,45.08
274,9732,112.0,45.66
275,9778,46.0,45.65
276,9852,74.0,46.24
277,9900,48.0,46.02
278,9947,47.0,45.98
279,10017,70.0,46.51
280,10046,29.0,46.45
281,10063,17.0,46.46
282,10129,66.0,46.44
283,10147,18.0,46.42
284,10177,30.0,46.51
285,10270,93.0,47.03
286,10325,55.0,47.11
287,10369,44.0,47.2
288,10414,45.0,47.03
289,10437,23.0,46.91
290,10487,50.0,47.23
291,10600,113.0,47.09
292,10652,52.0,47.16
293,10723,71.0,47.7
294,10757,34.0,47.56
295,10828,71.0,48.06
296,10954,126.0,49.11
297,11055,101.0,49.72
298,11110,55.0,49.84
299,11217,107.0,50.47
300,11347,130.0,51.42
301,11365,18.0,51.49
302,11448,83.0,52.02
303,11518,70.0,52.5
304,11672,154.0,53.8
305,11737,65.0,54.16
306,11776,39.0,54.04
307,11813,37.0,54.02
308,11827,14.0,53.99
309,11883,56.0,54.31
310,11975,92.0,54.53
311,12016,41.0,53.99
312,12069,53.0,54.15
313,12194,125.0,55.13
314,12258,64.0,55.45
315,12347,89.0,55.8
316,12410,63.0,56.31
317,12476,66.0,56.3
318,12565,89.0,56.63
319,12705,140.0,57.66
320,12792,87.0,58.01
321,12813,21.0,57.8
322,12903,90.0,58.09
323,12949,46.0,58.01
324,13033,84.0,58.55
325,13152,119.0,59.45
326,13211,59.0,59.87
327,13395,184.0,61.01
328,13484,89.0,61.73
329,13580,96.0,62.41
330,13591,11.0,62.31
331,13641,50.0,62.49
332,13681,40.0,62.34
333,13705,24.0,62.14
334,13828,123.0,63.01
335,13943,115.0,63.62
336,14106,163.0,64.74
337,14161,55.0,64.98
338,14239,78.0,65.41
339,14334,95.0,65.91
340,14451,117.0,66.36
341,14480,29.0,65.56
342,14607,127.0,66.13
343,14620,13.0,65.82
344,14696,76.0,66.18
345,14825,129.0,66.88
346,14841,16.0,66.58
347,14865,24.0,66.17
348,14981,116.0,66.78
349,15213,232.0,68.64
350,15231,18.0,68.57
351,15264,33.0,68.15
352,15290,26.0,67.54
353,15342,52.0,67.52
354,15378,36.0,67.64
355,15460,82.0,68.05
356,15518,58.0,67.2
357,15582,64.0,67.67
358,15618,36.0,67.69
359,15663,45.0,67.5
360,15703,40.0,67.5
361,15843,140.0,68.42
362,15885,42.0,68.15
363,16002,117.0,68.96
364,16105,103.0,69.58
365,16172,67.0,69.6
366,16298,126.0,70.41
367,16346,48.0,70.66
368,16367,21.0,70.25
369,16437,70.0,70.14
370,16497,60.0,70.55
371,16592,95.0,71.23
372,16725,133.0,71.47
373,16827,102.0,72.07
374,16881,54.0,71.49
375,16914,33.0,71.36
376,16954,40.0,71.02
377,16980,26.0,70.8
378,17068,88.0,71.21
379,17110,42.0,70.93
380,17220,110.0,71.74
381,17240,20.0,71.77
382,17288,48.0,71.59
383,17398,110.0,72.51
384,17478,80.0,73.01
385,17527,49.0,72.57
386,17691,164.0,73.66
387,17709,18.0,73.4
388,17833,124.0,74.19
389,18013,180.0,75.76
390,18091,78.0,76.04
391,18210,119.0,76.1
392,18361,151.0,77.09
393,18419,58.0,76.96
394,18506,87.0,77.49
395,18645,139.0,78.17
396,18757,112.0,78.03
397,18827,70.0,77.72
398,18895,68.0,77.85
399,19007,112.0,77.9
400,19059,52.0,77.12
401,19197,138.0,78.32
402,19365,168.0,79.17
403,19416,51.0,78.98
404,19485,69.0,78.13
405,19560,75.0,78.23
406,19609,49.0,78.33
407,19658,49.0,78.45
408,19677,19.0,78.5
409,19722,45.0,78.39
410,19784,62.0,78.09
411,19806,22.0,77.9
412,19876,70.0,78.07
413,20016,140.0,78.22
414,20161,145.0,79.03
415,20299,138.0,79.52
416,20455,156.0,80.45
417,20548,93.0,80.72
418,20661,113.0,80.96
419,20747,86.0,80.42
420,20774,27.0,79.82
421,20899,125.0,80.86
422,20913,14.0,80.1
423,20976,63.0,80.27
424,21028,52.0,79.95
425,21098,70.0,79.46
426,21201,103.0,79.9
427,21350,149.0,79.55
428,21411,61.0,79.27
429,21542,131.0,79.62
430,21689,147.0,80.98
431,21708,19.0,80.67
432,21862,154.0,81.81
433,21969,107.0,82.64
434,22004,35.0,81.76
435,22138,134.0,81.95
436,22257,119.0,81.51
437,22460,203.0,82.99
438,22561,101.0,83.22
439,22707,146.0,83.73
440,22891,184.0,84.4
441,23068,177.0,85.88
442,23199,131.0,85.92
443,23399,200.0,87.79
444,23426,27.0,87.3
445,23451,25.0,86.26
446,23587,136.0,87.46
447,23683,96.0,88.18
448,23743,60.0,87.62
449,23827,84.0,86.14
450,23846,19.0,86.15
451,23953,107.0,86.89
452,23992,39.0,87.02
453,24152,160.0,88.1
454,24275,123.0,88.97
455,24485,210.0,90.25
456,24609,124.0,90.91
457,24696,87.0,91.14
458,24787,91.0,91.69
459,24804,17.0,91.41
460,25016,212.0,93.13
461,25075,59.0,92.32
462,25198,123.0,93.13
463,25281,83.0,92.79
464,25343,62.0,92.38
465,25454,111.0,92.82
466,25556,102.0,92.58
467,25624,68.0,92.78
468,25827,203.0,94.6
469,25956,129.0,95.19
470,26123,167.0,96.26
471,26314,191.0,97.22
472,26396,82.0,96.71
473,26484,88.0,96.57
474,26630,146.0,97.49
475,26858,228.0,99.44
476,27005,147.0,100.51
477,27155,150.0,101.75
478,27296,141.0,102.28
479,27459,163.0,103.49
480,27664,205.0,104.44
481,27789,125.0,105.49
482,27878,89.0,105.9
483,27955,77.0,105.57
484,28052,97.0,105.74
485,28197,145.0,106.7
486,28327,130.0,106.36
487,28405,78.0,106.96
488,28698,293.0,108.65
489,28735,37.0,107.22
490,28861,126.0,107.7
491,29019,158.0,108.09
492,29234,215.0,108.73
493,29417,183.0,109.98
494,29444,27.0,109.38
495,29600,156.0,109.55
496,29777,177.0,110.2
497,29918,141.0,110.91
498,30011,93.0,111.16
499,30104,93.0,110.97
500,30207,103.0,111.48
501,30436,229.0,112.39
502,30650,214.0,112.85
503,30702,52.0,112.86
504,30777,75.0,112.92
505,30921,144.0,113.61
506,31077,156.0,114.68
507,31183,106.0,115.25
508,31372,189.0,116.95
509,31467,95.0,117.45
510,31562,95.0,117.78
511,31696,134.0,118.9
512,31710,14.0,118.34
513,31859,149.0,118.43
514,31975,116.0,118.14
515,32116,141.0,118.17
516,32339,223.0,118.84
517,32557,218.0,120.09
518,32674,117.0,120.13
519,32948,274.0,122.01
520,33139,191.0,123.65
521,33278,139.0,123.79
522,33458,180.0,125.45
523,33669,211.0,126.93
524,33925,256.0,128.97
525,34099,174.0,130.01
526,34406,307.0,132.05
527,34652,246.0,133.02
528,34707,55.0,132.96
529,34792,85.0,132.5
530,34879,87.0,131.9
531,35033,154.0,133.25
532,35167,134.0,133.05
533,35270,103.0,133.01
534,35454,184.0,134.5
535,35619,165.0,134.81
536,35713,94.0,134.56
537,35777,64.0,133.17
538,35973,196.0,134.12
539,36148,175.0,134.41
540,36209,61.0,133.18
541,36449,240.0,133.81
542,36586,137.0,133.87
543,36775,189.0,133.76
544,36869,94.0,134.43
545,37092,223.0,136.41
546,37290,198.0,137.03
547,37480,190.0,137.97
548,37587,107.0,138.44
549,37661,74.0,138.34
550,37773,112.0,139.27
551,37826,53.0,138.73
552,37868,42.0,138.76
553,38201,333.0,140.49
554,38457,256.0,141.82
555,38686,229.0,142.01
556,38817,131.0,142.08
557,39084,267.0,143.88
558,39108,24.0,143.21
559,39260,152.0,144.56
560,39399,139.0,143.83
561,39577,178.0,145.02
562,39913,336.0,147.15
563,39940,27.0,146.59
564,40012,72.0,146.69
565,40169,157.0,147.15
566,40291,122.0,147.35
567,40486,195.0,148.62
568,40583,97.0,147.56
569,40607,24.0,146.51
570,40647,40.0,145.24
571,40744,97.0,144.3
572,41049,305.0,146.53
573,41291,242.0,148.07
574,41403,112.0,147.73
575,41546,143.0,146.88
576,41794,248.0,147.89
577,41884,90.0,147.29
578,42077,193.0,147.81
579,42195,118.0,147.36
580,42327,132.0,146.63
581,42631,304.0,148.42
582,42707,76.0,148.29
583,42943,236.0,149.88
584,43159,216.0,151.07
585,43379,220.0,151.82
586,43471,92.0,151.44
587,43617,146.0,152.12
588,43723,106.0,150.25
589,43871,148.0,151.36
590,43997,126.0,151.36
591,44090,93.0,150.71
592,44238,148.0,150.04
593,44392,154.0,149.75
594,44467,75.0,150.23
595,44728,261.0,151.28
596,45102,374.0,153.25
597,45161,59.0,152.43
598,45386,225.0,153.75
599,45663,277.0,155.59
600,45920,257.0,157.13
601,46009,89.0,155.73
602,46107,98.0,154.57
603,46293,186.0,155.91
604,46358,65.0,155.81
605,46549,191.0,156.28
606,46576,27.0,154.99
607,46740,164.0,155.57
608,46922,182.0,155.5
609,47162,240.0,156.95
610,47324,162.0,157.62
611,47395,71.0,156.99
612,47548,153.0,158.38
613,47580,32.0,157.21
614,47759,179.0,157.84
615,47955,196.0,158.39
616,48066,111.0,157.27
617,48145,79.0,155.88
618,48377,232.0,157.03
619,48440,63.0,154.92
620,48585,145.0,154.46
621,48760,175.0,154.82
622,48890,130.0,154.32
623,48953,63.0,152.84
624,49110,157.0,151.85
625,49194,84.0,150.95
626,49400,206.0,149.94
627,49521,121.0,148.69
628,49638,117.0,149.31
629,49668,30.0,148.76
630,49904,236.0,150.25
631,50023,119.0,149.9
632,50143,120.0,149.76
633,50282,139.0,150.12
634,50342,60.0,148.88
635,50471,129.0,148.52
636,50830,359.0,151.17
637,51055,225.0,152.78
638,51077,22.0,151.04
639,51211,134.0,150.63
640,51287,76.0,150.78
641,51458,171.0,150.09
642,51526,68.0,149.4
643,51834,308.0,150.59
644,51979,145.0,151.1
645,52221,242.0,151.29
646,52346,125.0,150.56
647,52485,139.0,150.05
648,52597,112.0,150.1
649,52819,222.0,151.58
650,52996,177.0,152.23
651,53162,166.0,153.36
652,53325,163.0,154.57
653,53426,101.0,152.25
654,53500,74.0,150.43
655,53971,471.0,152.85
656,54249,278.0,154.32
657,54378,129.0,152.94
658,54437,59.0,153.29
659,54749,312.0,154.89
660,54907,158.0,155.08
661,55185,278.0,156.08
662,55468,283.0,155.55
663,55737,269.0,157.97
664,55878,141.0,158.66
665,56041,163.0,158.72
666,56133,92.0,158.42
667,56309,176.0,158.23
668,56341,32.0,157.58
669,56461,120.0,158.54
670,56666,205.0,160.19
671,57036,370.0,162.92
672,57276,240.0,162.27
673,57446,170.0,161.55
674,57661,215.0,162.58
675,57772,111.0,162.26
676,57896,124.0,161.02
677,57967,71.0,160.83
678,58011,44.0,159.34
679,58317,306.0,161.22
680,58459,142.0,161.32
681,58509,50.0,158.78
682,58663,154.0,159.56
683,58998,335.0,160.55
684,59059,61.0,159.0
685,59366,307.0,159.87
686,59389,23.0,159.18
687,59595,206.0,159.78
688,59712,117.0,159.89
689,59973,261.0,161.02
690,60101,128.0,161.04
691,60307,206.0,162.17
692,60470,163.0,162.32
693,60612,142.0,162.2
694,60690,78.0,162.23
695,60815,125.0,160.87
696,60933,118.0,158.31
697,61433,500.0,162.72
698,61548,115.0,161.62
699,61652,104.0,159.89
700,61808,156.0,158.88
701,61956,148.0,159.47
702,62114,158.0,160.07
703,62254,140.0,159.61
704,62435,181.0,160.77
705,62560,125.0,160.11
706,62662,102.0,160.86
707,62894,232.0,161.54
708,63094,200.0,161.72
709,63274,180.0,161.12
710,63331,57.0,160.07
711,63472,141.0,160.77
712,63533,61.0,159.85
713,63672,139.0,160.92
714,63817,145.0,160.58
715,64133,316.0,161.78
716,64572,439.0,165.06
717,64647,75.0,165.02
718,64747,100.0,163.7
719,64955,208.0,165.15
720,65262,307.0,166.77
721,65436,174.0,166.76
722,65562,126.0,166.72
723,65791,229.0,168.38
724,66052,261.0,169.42
725,66091,39.0,168.97
726,66216,125.0,168.16
727,66394,178.0,168.73
728,66589,195.0,169.51
729,66762,173.0,170.94
730,66955,193.0,170.51
731,67125,170.0,171.02
732,67480,355.0,173.37
733,67693,213.0,174.11
734,67926,233.0,175.84
735,68002,76.0,175.31
736,68183,181.0,173.53
737,68306,123.0,172.51
738,68436,130.0,173.59
739,68597,161.0,173.86
740,68783,186.0,174.96
741,69173,390.0,177.15
742,69465,292.0,179.39
743,69670,205.0,178.36
744,69925,255.0,179.46
745,70181,256.0,179.6
746,70312,131.0,179.66
747,70812,500.0,183.27
748,71073,261.0,184.76
749,71383,310.0,185.64
750,71717,334.0,187.21
751,71956,239.0,187.94
752,72168,212.0,188.43
753,72390,222.0,189.64
754,72568,178.0,190.68
755,72981,413.0,190.1
756,73089,108.0,188.4
757,73431,342.0,190.53
758,73667,236.0,192.3
759,73921,254.0,191.72
760,74105,184.0,191.98
761,74605,500.0,194.2
762,74929,324.0,194.61
763,75175,246.0,194.38
764,75546,371.0,196.68
765,75761,215.0,197.2
766,75871,110.0,197.38
767,76106,235.0,197.97
768,76269,163.0,199.28
769,76748,479.0,202.87
770,77001,253.0,203.35
771,77317,316.0,202.81
772,77630,313.0,203.54
773,77902,272.0,204.56
774,78183,281.0,205.22
775,78452,269.0,206.8
776,78649,197.0,207.53
777,78745,96.0,207.78
778,78830,85.0,208.19
779,79008,178.0,206.91
780,79460,452.0,210.01
781,79553,93.0,210.44
782,79622,69.0,209.59
783,79826,204.0,208.28
784,79981,155.0,209.22
785,80285,304.0,209.19
786,80381,96.0,209.92
787,80788,407.0,211.93
788,81275,487.0,215.63
789,81508,233.0,215.35
790,82008,500.0,219.07
791,82355,347.0,220.48
792,82448,93.0,219.78
793,82552,104.0,219.4
794,82717,165.0,220.27
795,82861,144.0,220.46
796,83079,218.0,221.46
797,83476,397.0,220.43
798,83579,103.0,220.31
799,83921,342.0,222.69
800,84025,104.0,222.17
801,84269,244.0,223.13
802,84573,304.0,224.59
803,84733,160.0,224.79
804,84846,113.0,224.11
805,85077,231.0,225.17
806,85242,165.0,225.8
807,85742,500.0,228.48
808,86141,399.0,230.47
809,86417,276.0,231.43
810,86452,35.0,231.21
811,86642,190.0,231.7
812,86786,144.0,232.53
813,86917,131.0,232.45
814,87106,189.0,232.89
815,87606,500.0,234.73
816,87772,166.0,232.0
817,88082,310.0,234.35
818,88284,202.0,235.37
819,88508,224.0,235.53
820,88601,93.0,233.39
821,88791,190.0,233.55
822,89046,255.0,234.84
823,89279,233.0,234.88
824,89361,82.0,233.09
825,89663,302.0,235.72
826,89787,124.0,235.71
827,90075,288.0,236.81
828,90455,380.0,238.66
829,90577,122.0,238.15
830,90756,179.0,238.01
831,91086,330.0,239.61
832,91206,120.0,237.26
833,91514,308.0,238.21
834,91736,222.0,238.1
835,91959,223.0,239.57
836,92267,308.0,240.84
837,92485,218.0,241.79
838,92699,214.0,242.63
839,92888,189.0,242.91
840,93088,200.0,243.05
841,93240,152.0,240.67
842,93701,461.0,242.36
843,93944,243.0,242.74
844,94158,214.0,242.33
845,94433,275.0,242.52
846,94870,437.0,245.58
847,95140,270.0,243.28
848,95272,132.0,241.99
849,95616,344.0,242.33
850,95933,317.0,242.16
851,96053,120.0,240.97
852,96385,332.0,242.17
853,96640,255.0,242.5
854,96900,260.0,243.32
855,97075,175.0,240.94
856,97235,160.0,241.46
857,97583,348.0,241.52
858,97781,198.0,241.14
859,98067,286.0,241.46
860,98438,371.0,243.33
861,98638,200.0,240.33
862,98851,213.0,239.22
863,99122,271.0,239.47
864,99233,111.0,236.87
865,99406,173.0,236.45
866,99627,221.0,237.56
867,99877,250.0,237.71
868,100016,139.0,237.47
869,100230,214.0,234.82
870,100730,500.0,237.29
871,100818,88.0,235.01
872,101124,306.0,234.94
873,101343,219.0,234.41
874,101665,322.0,234.82
875,102165,500.0,237.13
876,102473,308.0,238.24
877,102757,284.0,240.12
878,103032,275.0,242.02
879,103198,166.0,241.9
880,103433,235.0,239.73
881,103724,291.0,241.71
882,104037,313.0,244.15
883,104250,213.0,244.24
884,104375,125.0,243.94
885,104647,272.0,243.62
886,104802,155.0,244.21
887,105141,339.0,243.53
888,105555,414.0,242.8
889,106053,498.0,245.45
890,106321,268.0,243.13
891,106475,154.0,241.2
892,106625,150.0,241.77
893,106801,176.0,242.49
894,107004,203.0,242.87
895,107195,191.0,243.34
896,107329,134.0,242.5
897,107401,72.0,239.25
898,107624,223.0,240.45
899,108065,441.0,241.44
900,108456,391.0,244.31
901,108828,372.0,245.59
902,109046,218.0,244.73
903,109387,341.0,246.54
904,109599,212.0,247.53
905,109966,367.0,248.89
906,110122,156.0,248.8
907,110287,165.0,245.45
908,110512,225.0,243.71
909,110631,119.0,242.14
910,111066,435.0,246.14
911,111340,274.0,246.98
912,111572,232.0,247.86
913,111736,164.0,248.19
914,111872,136.0,247.66
915,112168,296.0,245.62
916,112433,265.0,246.61
917,112933,500.0,248.51
918,113121,188.0,248.37
919,113336,215.0,248.28
920,113555,219.0,249.54
921,113814,259.0,250.23
922,113956,142.0,249.1
923,114185,229.0,249.06
924,114509,324.0,251.48
925,114767,258.0,251.04
926,115145,378.0,253.58
927,115322,177.0,252.47
928,115653,331.0,251.98
929,115799,146.0,252.22
930,116033,234.0,252.77
931,116270,237.0,251.84
932,116521,251.0,253.15
933,116785,264.0,252.71
934,117120,335.0,253.84
935,117325,205.0,253.66
936,117519,194.0,252.52
937,117738,219.0,252.53
938,118032,294.0,253.33
939,118177,145.0,252.89
940,118366,189.0,252.78
941,118594,228.0,253.54
942,118846,252.0,251.45
943,119056,210.0,251.12
944,119363,307.0,252.05
945,119863,500.0,254.3
946,120187,324.0,253.17
947,120362,175.0,252.22
948,120517,155.0,252.45
949,120772,255.0,251.56
950,120889,117.0,249.56
951,121118,229.0,250.65
952,121261,143.0,248.76
953,121513,252.0,248.73
954,121736,223.0,248.36
955,121935,199.0,248.6
956,122435,500.0,252.0
957,122636,201.0,250.53
958,122957,321.0,251.76
959,123201,244.0,251.34
960,123384,183.0,249.46
961,123687,303.0,250.49
962,123879,192.0,250.28
963,124044,165.0,249.22
964,124239,195.0,250.06
965,124589,350.0,251.83
966,124793,204.0,251.66
967,125028,235.0,251.51
968,125213,185.0,251.97
969,125447,234.0,252.17
970,125719,272.0,249.89
971,125923,204.0,251.05
972,126306,383.0,251.82
973,126720,414.0,253.77
974,126975,255.0,253.1
975,127238,263.0,250.73
976,127510,272.0,250.37
977,127781,271.0,250.24
978,128020,239.0,249.88
979,128266,246.0,250.68
980,128567,301.0,251.34
981,128783,216.0,250.59
982,129036,253.0,249.99
983,129446,410.0,251.96
984,129621,175.0,252.46
985,129907,286.0,252.6
986,130101,194.0,252.99
987,130372,271.0,252.31
988,130732,360.0,251.77
989,131030,298.0,249.77
990,131378,348.0,250.57
991,131690,312.0,252.15
992,131838,148.0,252.13
993,132162,324.0,253.61
994,132333,171.0,253.29
995,132492,159.0,252.97
996,132820,328.0,254.91
997,133127,307.0,257.26
998,133627,500.0,260.03
999,133927,300.0,258.62
1000,134427,500.0,259.71
1001,134586,159.0,257.58
1002,134904,318.0,258.58
1003,135229,325.0,258.42
1004,135380,151.0,257.81
1005,135585,205.0,256.19
1006,135638,53.0,255.16
1007,135909,271.0,256.22
1008,136242,333.0,257.3
1009,136481,239.0,258.5
1010,136632,151.0,255.66
1011,136934,302.0,255.94
1012,137434,500.0,258.62
1013,137719,285.0,259.83
1014,138067,348.0,261.95
1015,138284,217.0,261.16
1016,138554,270.0,261.21
1017,138721,167.0,257.88
1018,139199,478.0,260.78
1019,139474,275.0,261.38
1020,139900,426.0,263.45
1021,140075,175.0,262.61
1022,140400,325.0,264.44
1023,140627,227.0,264.42
1024,140855,228.0,263.46
1025,141154,299.0,263.87
1026,141450,296.0,263.05
1027,141735,285.0,264.13
1028,141799,64.0,261.46
1029,142143,344.0,263.44
1030,142461,318.0,264.28
1031,142576,115.0,263.06
1032,142869,293.0,263.48
1033,143263,394.0,264.78
1034,143414,151.0,262.94
1035,143575,161.0,262.5
1036,143876,301.0,263.57
1037,144100,224.0,263.62
1038,144487,387.0,264.55
1039,144704,217.0,265.27
1040,144849,145.0,264.83
1041,145249,400.0,266.55
1042,145478,229.0,266.32
1043,145962,484.0,269.06
1044,146317,355.0,269.54
1045,146726,409.0,268.63
1046,147068,342.0,268.81
1047,147506,438.0,271.44
1048,148006,500.0,274.89
1049,148142,136.0,273.7
1050,148431,289.0,275.42
1051,148618,187.0,275.0
1052,148835,217.0,275.74
1053,149335,500.0,278.22
1054,149420,85.0,276.84
1055,149917,497.0,279.82
1056,150254,337.0,278.19
1057,150418,164.0,277.82
1058,150898,480.0,279.41
1059,151088,190.0,278.87
1060,151357,269.0,279.73
1061,151615,258.0,279.28
1062,152037,422.0,281.58
1063,152132,95.0,280.88
1064,152632,500.0,283.93
1065,153020,388.0,284.31
1066,153520,500.0,287.27
1067,153733,213.0,287.05
1068,154021,288.0,288.08
1069,154312,291.0,288.65
1070,154812,500.0,290.93
1071,154981,169.0,290.58
1072,155088,107.0,287.82
1073,155404,316.0,286.84
1074,155851,447.0,288.76
1075,156019,168.0,287.81
1076,156259,240.0,287.49
1077,156428,169.0,286.47
1078,156770,342.0,287.5
1079,156981,211.0,287.15
1080,157261,280.0,286.94
1081,157596,335.0,288.13
1082,157873,277.0,288.37
1083,158043,170.0,285.97
1084,158405,362.0,287.84
1085,158631,226.0,287.24
1086,158828,197.0,287.27
1087,159045,217.0,286.73
1088,159107,62.0,283.75
1089,159319,212.0,282.89
1090,159692,373.0,283.14
1091,159859,167.0,281.69
1092,160326,467.0,284.88
1093,160507,181.0,283.45
1094,160838,331.0,285.05
1095,161338,500.0,288.46
1096,161779,441.0,289.59
1097,161913,134.0,287.86
1098,162097,184.0,284.7
1099,162296,199.0,283.69
1100,162736,440.0,283.09
1101,162873,137.0,282.87
1102,163219,346.0,283.15
1103,163445,226.0,282.16
1104,163746,301.0,283.66
1105,164074,328.0,284.89
1106,164275,201.0,286.37
1107,164646,371.0,287.37
1108,164766,120.0,285.24
1109,165266,500.0,287.85
1110,165449,183.0,288.17
1111,165748,299.0,288.14
1112,165991,243.0,285.57
1113,166444,453.0,287.25
1114,166658,214.0,285.91
1115,166925,267.0,286.41
1116,167208,283.0,286.54
1117,167497,289.0,287.76
1118,167634,137.0,284.35
1119,168134,500.0,286.6
1120,168560,426.0,286.6
1121,169029,469.0,289.54
1122,169369,340.0,289.69
1123,169790,421.0,291.63
1124,170110,320.0,292.55
1125,170366,256.0,292.12
1126,170853,487.0,294.03
1127,171162,309.0,294.27
1128,171379,217.0,295.8
1129,171847,468.0,297.04
1130,172278,431.0,298.17
1131,172778,500.0,302.02
1132,172881,103.0,300.12
1133,173148,267.0,298.85
1134,173648,500.0,302.34
1135,173753,105.0,301.78
1136,173905,152.0,300.29
1137,174340,435.0,302.4
1138,174605,265.0,301.18
1139,175039,434.0,303.35
1140,175539,500.0,306.9
1141,175783,244.0,305.34
1142,176283,500.0,308.05
1143,176617,334.0,306.55
1144,177013,396.0,306.96
1145,177147,134.0,304.21
1146,177502,355.0,304.34
1147,177877,375.0,303.71
1148,178027,150.0,300.21
1149,178261,234.0,301.19
1150,178670,409.0,302.39
1151,179006,336.0,303.88
1152,179506,500.0,306.71
1153,180006,500.0,306.71
1154,180425,419.0,310.05
1155,180632,207.0,307.15
1156,180652,20.0,303.98
1157,181048,396.0,306.3
1158,181319,271.0,304.21
1159,181696,377.0,306.08
1160,181994,298.0,306.37
1161,182151,157.0,305.36
1162,182651,500.0,306.14
1163,183022,371.0,308.9
1164,183335,313.0,307.03
1165,183622,287.0,306.02
1166,184113,491.0,305.93
1167,184362,249.0,306.29
1168,184419,57.0,303.98
1169,184653,234.0,303.41
1170,185153,500.0,303.41
1171,185620,467.0,306.39
1172,185943,323.0,308.55
1173,186357,414.0,309.53
1174,186599,242.0,307.48
1175,187076,477.0,310.57
1176,187508,432.0,312.49
1177,187707,199.0,312.79
1178,188040,333.0,312.7
1179,188445,405.0,314.64
1180,188728,283.0,314.67
1181,188954,226.0,313.58
1182,189209,255.0,313.36
1183,189515,306.0,314.72
1184,189806,291.0,314.01
1185,190216,410.0,315.85
1186,190716,500.0,318.88
1187,191209,493.0,321.64
1188,191334,125.0,322.27
1189,191743,409.0,324.24
1190,192142,399.0,324.5
1191,192493,351.0,326.34
1192,192763,270.0,324.37
1193,192975,212.0,324.68
1194,193475,500.0,326.37
1195,193921,446.0,325.83
1196,194253,332.0,324.74
1197,194753,500.0,328.4
1198,195142,389.0,330.45
1199,195401,259.0,331.05
1200,195694,293.0,329.58
1201,196194,500.0,333.21
1202,196379,185.0,331.6
1203,196664,285.0,332.19
1204,196940,276.0,331.94
1205,197174,234.0,331.0
1206,197382,208.0,331.07
1207,197610,228.0,329.64
1208,197838,228.0,330.72
1209,198338,500.0,330.72
1210,198690,352.0,332.41
1211,198832,142.0,330.84
1212,198979,147.0,329.88
1213,199228,249.0,327.84
1214,199728,500.0,330.7
1215,199861,133.0,329.36
1216,200046,185.0,328.38
1217,200188,142.0,326.91
1218,200688,500.0,330.54
1219,200805,117.0,326.71
1220,200944,139.0,323.84
1221,201342,398.0,323.13
1222,201619,277.0,322.5
1223,201845,226.0,320.55
1224,202048,203.0,319.38
1225,202352,304.0,319.86
1226,202590,238.0,317.37
1227,202820,230.0,316.58
1228,203320,500.0,319.41
1229,203637,317.0,317.9
1230,203857,220.0,315.79
1231,204231,374.0,314.53
1232,204420,189.0,315.39
1233,204832,412.0,316.84
1234,204962,130.0,313.14
1235,205167,205.0,314.14
1236,205308,141.0,314.03
1237,205495,187.0,311.55
1238,205995,500.0,313.9
1239,206369,374.0,313.3
1240,206531,162.0,309.92
1241,207031,500.0,312.48
1242,207381,350.0,310.98
1243,207569,188.0,309.52
1244,208068,499.0,310.55
1245,208225,157.0,310.78
1246,208725,500.0,312.23
1247,209026,301.0,311.49
1248,209297,271.0,312.7
1249,209528,231.0,312.67
1250,210028,500.0,313.58
1251,210331,303.0,313.25
1252,210519,188.0,310.13
1253,210666,147.0,306.6
1254,211059,393.0,306.34
1255,211389,330.0,307.57
1256,211630,241.0,309.78
1257,211794,164.0,307.46
1258,212015,221.0,306.96
1259,212211,196.0,305.15
1260,212381,170.0,303.87
1261,212589,208.0,304.38
1262,212862,273.0,302.11
1263,213318,456.0,302.96
1264,213818,500.0,304.83
1265,214028,210.0,304.06
1266,214434,406.0,303.21
1267,214822,388.0,304.6
1268,215108,286.0,306.89
1269,215280,172.0,306.27
1270,215499,219.0,303.46
1271,215700,201.0,300.8
1272,215921,221.0,299.78
1273,216153,232.0,297.96
1274,216517,364.0,299.18
1275,216858,341.0,297.82
1276,216976,118.0,294.68
1277,217416,440.0,297.09
1278,217769,353.0,297.29
1279,217923,154.0,294.78
1280,218047,124.0,293.19
1281,218547,500.0,295.93
1282,218905,358.0,296.96
1283,219238,333.0,297.23
1284,219738,500.0,299.32
1285,220002,264.0,297.86
1286,220172,170.0,294.56
1287,220672,500.0,294.63
1288,220948,276.0,296.14
1289,221125,177.0,293.82
1290,221466,341.0,293.24
1291,221696,230.0,292.03
1292,222196,500.0,294.33
1293,222337,141.0,293.62
1294,222556,219.0,290.81
1295,222789,233.0,288.68
1296,223289,500.0,290.36
1297,223459,170.0,287.06
1298,223629,170.0,284.87
1299,223896,267.0,284.95
1300,224396,500.0,287.02
1301,224751,355.0,285.57
1302,225203,452.0,288.24
1303,225703,500.0,290.39
1304,225863,160.0,289.23
1305,225979,116.0,288.05
1306,226479,500.0,290.97
1307,226822,343.0,292.12
1308,226997,175.0,291.59
1309,227198,201.0,288.6
1310,227452,254.0,287.62
1311,227599,147.0,287.67
1312,227923,324.0,289.44
1313,228024,101.0,287.96
1314,228524,500.0,287.96
1315,229024,500.0,291.63
1316,229524,500.0,294.78
1317,230015,491.0,298.27
1318,230435,420.0,297.47
1319,230622,187.0,298.17
1320,231122,500.0,301.78
1321,231508,386.0,301.66
1322,231773,265.0,301.54
1323,232273,500.0,304.28
1324,232773,500.0,307.25
1325,233047,274.0,306.95
1326,233229,182.0,306.39
1327,233406,177.0,305.86
1328,233906,500.0,305.86
1329,234406,500.0,307.69
1330,234493,87.0,306.36
1331,234978,485.0,307.47
1332,235245,267.0,308.25
1333,235518,273.0,306.86
1334,236018,500.0,310.56
1335,236340,322.0,311.73
1336,236721,381.0,314.13
1337,236949,228.0,314.54
1338,237057,108.0,310.62
1339,237307,250.0,309.38
1340,237679,372.0,311.48
1341,237844,165.0,308.13
1342,238013,169.0,306.32
1343,238458,445.0,308.89
1344,238666,208.0,305.98
1345,238893,227.0,306.68
1346,239140,247.0,304.15
1347,239640,500.0,306.14
1348,240021,381.0,307.24
1349,240402,381.0,308.74
1350,240534,132.0,305.06
1351,240743,209.0,304.12
1352,241159,416.0,306.4
1353,241369,210.0,307.03
1354,241568,199.0,305.09
1355,242068,500.0,306.79
1356,242407,339.0,307.77
1357,242907,500.0,311.13
1358,243195,288.0,311.8
1359,243695,500.0,314.84
1360,244013,318.0,316.32
1361,244217,204.0,316.28
1362,244717,500.0,318.55
1363,244986,269.0,316.68
1364,245290,304.0,314.72
1365,245569,279.0,315.41
1366,246069,500.0,316.35
1367,246218,149.0,313.96
1368,246619,401.0,315.11
1369,246852,233.0,315.72
1370,247063,211.0,315.64
1371,247563,500.0,318.63
1372,247837,274.0,319.16
1373,248176,339.0,320.23
1374,248524,348.0,320.07
1375,248809,285.0,319.51
1376,249309,500.0,323.33
1377,249649,340.0,322.33
1378,250149,500.0,323.8
1379,250280,131.0,323.57
1380,250780,500.0,327.33
1381,251280,500.0,327.33
1382,251780,500.0,328.75
1383,252280,500.0,330.42
1384,252630,350.0,328.92
1385,253010,380.0,330.08
1386,253441,431.0,332.69
1387,253731,290.0,330.59
1388,254150,419.0,332.02
1389,254508,358.0,333.83
1390,254882,374.0,334.16
1391,255030,148.0,333.34
1392,255475,445.0,332.79
1393,255745,270.0,334.08
1394,255922,177.0,333.66
1395,256395,473.0,336.06
1396,256895,500.0,336.06
1397,257264,369.0,338.05
1398,257465,201.0,338.36
1399,257766,301.0,338.7
1400,258027,261.0,336.31
1401,258157,130.0,334.06
1402,258657,500.0,334.54
1403,259157,500.0,334.54
1404,259459,302.0,335.96
1405,259949,490.0,339.7
1406,260228,279.0,337.49
1407,260564,336.0,337.42
1408,261064,500.0,340.67
1409,261363,299.0,341.65
1410,261627,264.0,341.75
1411,261962,335.0,343.63
1412,262416,454.0,344.93
1413,262860,444.0,348.36
1414,263349,489.0,348.25
1415,263715,366.0,346.91
1416,263997,282.0,344.73
1417,264287,290.0,342.72
1418,264526,239.0,340.91
1419,264946,420.0,343.24
1420,265195,249.0,340.73
1421,265579,384.0,340.71
1422,265902,323.0,341.29
1423,266219,317.0,339.46
1424,266719,500.0,339.46
1425,267122,403.0,340.75
1426,267252,130.0,340.23
1427,267594,342.0,341.88
1428,267815,221.0,339.09
1429,268032,217.0,336.26
1430,268208,176.0,337.15
1431,268655,447.0,336.77
1432,268913,258.0,336.68
1433,269319,406.0,338.01
1434,269762,443.0,337.44
1435,270204,442.0,338.64
1436,270645,441.0,339.24
1437,271145,500.0,341.96
1438,271267,122.0,342.1
1439,271452,185.0,341.45
1440,271737,285.0,340.58
1441,272237,500.0,343.93
1442,272488,251.0,344.75
1443,272718,230.0,342.6
1444,273194,476.0,345.28
1445,273410,216.0,345.17
1446,273674,264.0,345.34
1447,273964,290.0,343.24
1448,274279,315.0,342.58
1449,274537,258.0,341.35
1450,275037,500.0,345.03
1451,275537,500.0,347.94
1452,275702,165.0,345.43
1453,275983,281.0,346.14
1454,276483,500.0,349.15
1455,276824,341.0,347.56
1456,277082,258.0,346.75
1457,277226,144.0,343.19
1458,277726,500.0,345.31
1459,278085,359.0,343.9
1460,278585,500.0,345.72
1461,278881,296.0,346.64
1462,279372,491.0,346.55
1463,279872,500.0,348.86
1464,280280,408.0,349.9
1465,280732,452.0,351.63
1466,280951,219.0,348.82
1467,281320,369.0,351.02
1468,281470,150.0,348.51
1469,281970,500.0,351.18
1470,282385,415.0,353.22
1471,282885,500.0,353.22
1472,283385,500.0,355.48
1473,283660,275.0,354.84
1474,284136,476.0,356.12
1475,284392,256.0,355.83
1476,284684,292.0,353.75
1477,285184,500.0,355.35
1478,285342,158.0,351.93
1479,285498,156.0,352.18
1480,285845,347.0,350.65
1481,285987,142.0,347.07
1482,286433,446.0,346.53
1483,286585,152.0,343.05
1484,286958,373.0,343.28
1485,287391,433.0,343.81
1486,287703,312.0,342.62
1487,288203,500.0,344.72
1488,288689,486.0,345.39
1489,288808,119.0,343.0
1490,289047,239.0,341.65
1491,289547,500.0,345.17
1492,289711,164.0,342.36
1493,289923,212.0,341.78
1494,290244,321.0,343.22
1495,290583,339.0,341.88
1496,290826,243.0,339.31
1497,291326,500.0,340.62
1498,291466,140.0,340.01
1499,291793,327.0,340.27
1500,292293,500.0,342.66
1501,292463,170.0,343.06
1502,292844,381.0,341.87
1503,293344,500.0,341.87
1504,293642,298.0,341.83
1505,293898,256.0,339.49
1506,293992,94.0,337.64
1507,294159,167.0,335.95
1508,294360,201.0,332.96
1509,294860,500.0,334.97
1510,295360,500.0,337.33
1511,295641,281.0,336.79
1512,296033,392.0,336.17
1513,296337,304.0,334.77
1514,296693,356.0,333.44
1515,296960,267.0,332.45
1516,297174,214.0,331.77
1517,297433,259.0,331.46
1518,297933,500.0,334.07
1519,298354,421.0,334.08
1520,298575,221.0,333.8
1521,299075,500.0,334.96
1522,299333,258.0,334.31
1523,299734,401.0,335.15
1524,300234,500.0,335.15
1525,300433,199.0,333.11
1526,300717,284.0,334.65
1527,301217,500.0,336.23
1528,301388,171.0,335.73
1529,301710,322.0,336.78
1530,301949,239.0,337.41
1531,302215,266.0,335.6
1532,302572,357.0,336.59
1533,303072,500.0,337.53
1534,303496,424.0,337.34
1535,303982,486.0,337.78
1536,304189,207.0,335.44
1537,304586,397.0,334.41
1538,304861,275.0,335.94
1539,305093,232.0,336.41
1540,305307,214.0,335.7
1541,305497,190.0,332.6
1542,305779,282.0,332.91
1543,305975,196.0,332.57
1544,306239,264.0,330.45
1545,306513,274.0,331.03
1546,306889,376.0,332.15
1547,307091,202.0,331.27
1548,307582,491.0,333.03
1549,308082,500.0,335.45
1550,308524,442.0,334.87
1551,309024,500.0,334.87
1552,309321,297.0,336.19
1553,309622,301.0,336.39
1554,310055,433.0,335.72
1555,310288,233.0,334.64
1556,310590,302.0,335.08
1557,310931,341.0,337.05
1558,311104,173.0,333.78
1559,311295,191.0,332.1
1560,311541,246.0,329.56
1561,312041,500.0,331.6
1562,312294,253.0,329.22
1563,312360,66.0,324.88
1564,312603,243.0,323.23
1565,312768,165.0,320.36
1566,313209,441.0,322.58
1567,313709,500.0,323.89
1568,314028,319.0,325.58
1569,314528,500.0,325.58
1570,314799,271.0,324.14
1571,315044,245.0,321.59
1572,315237,193.0,318.52
1573,315423,186.0,317.63
1574,315700,277.0,315.64
1575,315852,152.0,314.6
1576,316352,500.0,316.68
1577,316522,170.0,313.38
1578,316908,386.0,315.66
1579,317227,319.0,317.29
1580,317577,350.0,317.32
1581,318006,429.0,320.19
1582,318442,436.0,320.09
1583,318619,177.0,320.34
1584,319106,487.0,321.48
1585,319606,500.0,322.15
1586,319917,311.0,322.14
1587,320417,500.0,322.14
1588,320588,171.0,318.99
1589,320920,332.0,321.12
1590,321121,201.0,320.74
1591,321461,340.0,319.14
1592,321741,280.0,320.3
1593,322117,376.0,321.94
1594,322566,449.0,323.22
1595,323066,500.0,324.83
1596,323244,178.0,324.18
1597,323633,389.0,323.07
1598,323819,186.0,323.53
1599,324227,408.0,324.34
1600,324584,357.0,322.91
1601,324845,261.0,323.82
1602,325146,301.0,323.02
1603,325506,360.0,321.62
1604,325878,372.0,322.36
1605,326104,226.0,322.06
1606,326534,430.0,325.42
1607,326815,281.0,326.56
1608,327315,500.0,329.55
1609,327582,267.0,327.22
1610,328082,500.0,327.22
1611,328306,224.0,326.65
1612,328683,377.0,326.5
1613,329183,500.0,328.46
1614,329552,369.0,328.59
1615,329757,205.0,327.97
1616,329904,147.0,327.3
1617,330138,234.0,327.05
1618,330441,303.0,325.08
1619,330708,267.0,323.54
1620,330916,208.0,323.41
1621,331169,253.0,320.94
1622,331507,338.0,321.74
1623,331854,347.0,321.2
1624,332354,500.0,321.2
1625,332639,285.0,322.06
1626,332920,281.0,322.03
1627,333175,255.0,319.58
1628,333565,390.0,321.77
1629,333891,326.0,321.81
1630,334115,224.0,321.66
1631,334509,394.0,322.94
1632,334857,348.0,322.85
1633,335223,366.0,321.51
1634,335467,244.0,319.71
1635,335872,405.0,318.9
1636,336372,500.0,321.83
1637,336540,168.0,319.54
1638,336818,278.0,319.57
1639,336926,108.0,318.33
1640,337181,255.0,318.74
1641,337624,443.0,321.27
1642,338124,500.0,323.45
1643,338479,355.0,325.04
1644,338963,484.0,327.24
1645,339195,232.0,326.82
1646,339474,279.0,325.85
1647,339966,492.0,328.75
1648,340457,491.0,328.75
1649,340595,138.0,325.13
1650,340750,155.0,322.26
1651,341250,500.0,322.26
1652,341508,258.0,321.87
1653,341785,277.0,321.63
1654,341979,194.0,319.24
1655,342338,359.0,320.5
1656,342674,336.0,320.84
1657,343109,435.0,321.78
1658,343609,500.0,325.05
1659,343933,324.0,326.38
1660,344242,309.0,327.01
1661,344612,370.0,325.71
1662,344859,247.0,325.65
1663,345196,337.0,328.36
1664,345683,487.0,330.8
1665,345990,307.0,332.22
1666,346490,500.0,332.81
1667,346990,500.0,332.81
1668,347389,399.0,333.61
1669,347832,443.0,333.04
1670,348094,262.0,332.95
1671,348594,500.0,335.5
1672,349043,449.0,338.06
1673,349543,500.0,341.2
1674,350043,500.0,343.43
1675,350258,215.0,344.06
1676,350411,153.0,340.59
1677,350685,274.0,341.63
1678,350951,266.0,340.43
1679,351451,500.0,342.24
1680,351740,289.0,341.63
1681,352240,500.0,342.34
1682,352740,500.0,342.98
1683,353192,452.0,345.73
1684,353692,500.0,345.86
1685,353976,284.0,343.7
1686,354303,327.0,343.86
1687,354577,274.0,341.6
1688,355077,500.0,344.89
1689,355577,500.0,346.57
1690,356077,500.0,349.56
1691,356324,247.0,348.63
1692,356520,196.0,347.79
1693,357020,500.0,349.03
1694,357520,500.0,349.54
1695,358020,500.0,349.54
1696,358339,319.0,350.95
1697,358802,463.0,351.69
1698,359110,308.0,352.91
1699,359610,500.0,353.83
1700,360110,500.0,355.26
1701,360516,406.0,356.71
1702,360771,255.0,356.25
1703,361261,490.0,357.55
1704,361497,236.0,356.19
1705,361675,178.0,355.71
1706,362133,458.0,355.99
1707,362633,500.0,358.18
1708,363133,500.0,358.18
1709,363495,362.0,359.13
1710,363995,500.0,359.13
1711,364110,115.0,358.04
1712,364505,395.0,358.22
1713,364806,301.0,356.23
1714,365025,219.0,354.73
1715,365525,500.0,357.68
1716,365758,233.0,358.54
1717,366258,500.0,361.2
1718,366483,225.0,360.42
1719,366983,500.0,362.75
1720,367483,500.0,365.67
1721,367789,306.0,366.2
1722,368128,339.0,366.21
1723,368628,500.0,367.74
1724,368973,345.0,366.19
1725,369473,500.0,368.34
1726,369950,477.0,370.3
1727,370085,135.0,369.1
1728,370585,500.0,370.2
1729,370921,336.0,370.3
1730,371328,407.0,372.13
1731,371497,169.0,369.88
1732,371997,500.0,371.4
1733,372370,373.0,371.47
1734,372870,500.0,374.03
1735,373261,391.0,373.89
1736,373761,500.0,373.89
1737,374261,500.0,377.21
1738,374761,500.0,379.43
1739,375261,500.0,383.35
1740,375702,441.0,385.21
1741,375945,243.0,383.21
1742,376404,459.0,382.8
1743,376556,152.0,380.77
1744,376889,333.0,379.26
1745,377206,317.0,380.11
1746,377706,500.0,382.32
1747,378206,500.0,382.4
1748,378706,500.0,382.49
1749,379206,500.0,386.11
1750,379706,500.0,389.56
1751,380206,500.0,389.56
1752,380706,500.0,391.98
1753,381206,500.0,394.21
1754,381706,500.0,397.27
1755,382206,500.0,398.68
1756,382699,493.0,400.25
1757,383177,478.0,400.68
1758,383677,500.0,400.68
1759,384148,471.0,402.15
1760,384572,424.0,403.3
1761,384881,309.0,402.69
1762,385381,500.0,405.22
1763,385881,500.0,406.85
1764,386381,500.0,406.98
1765,386671,290.0,406.81
1766,386805,134.0,403.15
1767,386907,102.0,399.17
1768,387407,500.0,400.18
1769,387803,396.0,399.71
1770,388063,260.0,399.69
1771,388296,233.0,397.02
1772,388478,182.0,394.35
1773,388978,500.0,394.35
1774,389478,500.0,394.35
1775,389978,500.0,397.2
1776,390425,447.0,400.14
1777,390824,399.0,401.39
1778,391210,386.0,402.59
1779,391580,370.0,401.29
1780,392080,500.0,403.4
1781,392212,132.0,399.72
1782,392712,500.0,399.72
1783,393106,394.0,399.14
1784,393491,385.0,397.99
1785,393802,311.0,398.26
1786,394302,500.0,399.99
1787,394802,500.0,402.25
1788,395302,500.0,402.25
1789,395537,235.0,399.6
1790,395800,263.0,397.23
1791,396300,500.0,399.76
1792,396589,289.0,400.69
1793,396970,381.0,399.5
1794,397470,500.0,399.5
1795,397970,500.0,399.5
1796,398470,500.0,401.31
1797,398610,140.0,398.08
1798,399013,403.0,399.03
1799,399513,500.0,399.03
1800,399892,379.0,397.82
1801,400383,491.0,398.67
1802,400610,227.0,398.39
1803,400946,336.0,396.85
1804,401386,440.0,398.89
1805,401537,151.0,398.62
1806,402037,500.0,399.04
1807,402468,431.0,398.35
1808,402770,302.0,396.37
1809,403060,290.0,395.65
1810,403278,218.0,392.83
1811,403748,470.0,396.38
1812,404248,500.0,397.43
1813,404313,65.0,395.07
1814,404813,500.0,397.88
1815,405313,500.0,397.88
1816,405543,230.0,397.85
1817,405694,151.0,394.36
1818,406180,486.0,396.97
1819,406485,305.0,395.02
1820,406985,500.0,395.02
1821,407267,282.0,394.78
1822,407459,192.0,393.31
1823,407673,214.0,390.45
1824,408173,500.0,392.0
1825,408640,467.0,391.67
1826,409140,500.0,391.9
1827,409640,500.0,395.55
1828,409853,213.0,392.68
1829,410323,470.0,394.02
1830,410636,313.0,393.08
1831,411136,500.0,396.39
1832,411636,500.0,396.39
1833,412039,403.0,396.69
1834,412539,500.0,396.69
1835,412992,453.0,397.31
1836,413492,500.0,397.31
1837,413855,363.0,395.94
1838,414028,173.0,392.67
1839,414111,83.0,388.5
1840,414583,472.0,388.81
1841,414851,268.0,389.06
1842,415240,389.0,388.36
1843,415650,410.0,390.94
1844,416141,491.0,392.52
1845,416641,500.0,394.35
1846,417038,397.0,393.32
1847,417538,500.0,393.32
1848,417846,308.0,391.4
1849,418346,500.0,391.4
1850,418846,500.0,391.4
1851,419177,331.0,389.71
1852,419677,500.0,389.71
1853,420177,500.0,389.71
1854,420590,413.0,388.84
1855,421090,500.0,388.84
1856,421590,500.0,388.91
1857,421971,381.0,387.94
1858,422189,218.0,385.12
1859,422535,346.0,383.87
1860,422998,463.0,384.26
1861,423482,484.0,386.01
1862,423982,500.0,386.01
1863,424482,500.0,386.01
1864,424638,156.0,382.57
1865,425138,500.0,384.67
1866,425638,500.0,388.33
1867,426037,399.0,391.3
1868,426479,442.0,390.72
1869,426979,500.0,391.76
1870,427479,500.0,394.16
1871,427979,500.0,396.83
1872,428479,500.0,400.01
1873,428806,327.0,398.28
1874,429306,500.0,398.28
1875,429806,500.0,398.28
1876,429997,191.0,395.72
1877,430497,500.0,396.73
1878,430997,500.0,397.87
1879,431444,447.0,398.64
1880,431944,500.0,398.64
1881,432435,491.0,402.23
1882,432643,208.0,399.31
1883,432840,197.0,397.34
1884,433340,500.0,398.49
1885,433840,500.0,400.38
1886,434014,174.0,397.12
1887,434514,500.0,397.12
1888,434985,471.0,396.83
1889,435392,407.0,398.55
1890,435892,500.0,400.92
1891,436287,395.0,399.87
1892,436505,218.0,399.16
1893,436808,303.0,398.38
1894,437113,305.0,396.43
1895,437440,327.0,394.7
1896,437940,500.0,394.7
1897,438179,239.0,395.69
1898,438679,500.0,396.66
1899,439179,500.0,396.66
1900,439394,215.0,395.02
1901,439678,284.0,392.95
1902,439837,159.0,392.27
1903,440242,405.0,392.96
1904,440742,500.0,393.56
1905,441068,326.0,395.31
1906,441291,223.0,392.54
1907,441568,277.0,391.0
1908,441763,195.0,389.93
1909,442096,333.0,390.36
1910,442596,500.0,393.18
1911,443096,500.0,393.48
1912,443596,500.0,393.48
1913,443849,253.0,395.36
1914,444349,500.0,395.36
1915,444812,463.0,394.99
1916,445312,500.0,397.69
1917,445552,240.0,398.58
1918,445990,438.0,398.1
1919,446490,500.0,400.05
1920,446990,500.0,400.05
1921,447141,151.0,398.74
1922,447641,500.0,401.82
1923,448141,500.0,404.68
1924,448641,500.0,404.68
1925,448932,291.0,402.92
1926,449380,448.0,402.4
1927,449880,500.0,402.4
1928,450380,500.0,405.27
1929,450880,500.0,405.57
1930,451380,500.0,407.44
1931,451880,500.0,407.44
1932,452080,200.0,404.44
1933,452580,500.0,405.41
1934,452929,349.0,403.9
1935,453368,439.0,403.76
1936,453708,340.0,402.16
1937,454062,354.0,402.07
1938,454104,42.0,400.76
1939,454604,500.0,404.93
1940,455104,500.0,405.21
1941,455289,185.0,404.38
1942,455789,500.0,405.49
1943,456289,500.0,406.39
1944,456779,490.0,406.38
1945,457076,297.0,404.35
1946,457576,500.0,405.38
1947,457751,175.0,402.13
1948,458020,269.0,401.74
1949,458520,500.0,401.74
1950,459020,500.0,401.74
1951,459520,500.0,403.43
1952,459716,196.0,400.39
1953,460216,500.0,400.39
1954,460716,500.0,401.26
1955,461048,332.0,399.58
1956,461548,500.0,399.58
1957,461923,375.0,399.52
1958,462422,499.0,402.33
1959,462922,500.0,403.87
1960,463422,500.0,404.24
1961,463922,500.0,404.4
1962,464422,500.0,404.4
1963,464749,327.0,402.67
1964,465249,500.0,406.11
1965,465749,500.0,406.11
1966,466249,500.0,406.11
1967,466749,500.0,407.12
1968,466969,220.0,404.9
1969,467445,476.0,404.66
1970,467945,500.0,404.66
1971,468409,464.0,404.3
1972,468681,272.0,402.02
1973,468798,117.0,399.92
1974,469233,435.0,399.27
1975,469733,500.0,399.27
1976,469967,234.0,399.7
1977,470467,500.0,399.7
1978,470569,102.0,395.72
1979,471069,500.0,396.25
1980,471569,500.0,396.25
1981,471879,310.0,394.44
1982,472227,348.0,395.84
1983,472581,354.0,397.41
1984,473021,440.0,396.81
1985,473521,500.0,396.81
1986,474021,500.0,400.07
1987,474521,500.0,400.07
1988,474730,209.0,397.45
1989,475230,500.0,398.38
1990,475730,500.0,398.38
1991,476153,423.0,398.66
1992,476300,147.0,397.95
1993,476800,500.0,399.92
1994,477119,319.0,400.06
1995,477444,325.0,400.04
1996,477652,208.0,397.12
1997,478152,500.0,399.73
1998,478411,259.0,397.32
1999,478911,500.0,397.32
2000,479261,350.0,398.67
2001,479566,305.0,398.88
2002,479700,134.0,398.63
2003,480200,500.0,399.58
2004,480678,478.0,399.36
2005,481178,500.0,401.1
2006,481678,500.0,403.87
2007,481998,320.0,404.3
2008,482498,500.0,407.35
2009,482998,500.0,409.02
2010,483498,500.0,409.02
2011,483998,500.0,409.02
2012,484395,397.0,407.99
2013,484895,500.0,410.46
2014,485395,500.0,410.46
2015,485895,500.0,410.83
2016,486395,500.0,410.83
2017,486827,432.0,412.75
2018,487102,275.0,411.12
2019,487602,500.0,411.12
2020,487960,358.0,409.7
2021,488460,500.0,413.19
2022,488710,250.0,410.69
2023,489210,500.0,410.69
2024,489710,500.0,410.69
2025,490106,396.0,411.74
2026,490399,293.0,410.19
2027,490899,500.0,410.19
2028,491399,500.0,410.19
2029,491549,150.0,406.69
2030,491938,389.0,405.58
2031,492438,500.0,405.58
2032,492938,500.0,408.58
2033,493438,500.0,408.58
2034,493748,310.0,408.19
2035,494248,500.0,408.8
2036,494670,422.0,409.62
2037,495170,500.0,411.08
2038,495657,487.0,415.53
2039,495860,203.0,412.56
2040,496235,375.0,411.31
2041,496735,500.0,414.46
2042,497052,317.0,412.63
2043,497216,164.0,409.27
2044,497716,500.0,409.37
2045,497935,219.0,408.59
2046,498435,500.0,408.59
2047,498935,500.0,411.84
2048,499435,500.0,414.15
2049,499935,500.0,414.15
2050,500435,500.0,414.15
2051,500935,500.0,414.15
2052,501435,500.0,417.19
2053,501860,425.0,416.44
2054,502360,500.0,416.44
2055,502646,286.0,415.98
2056,503146,500.0,415.98
2057,503509,363.0,415.86
2058,503990,481.0,415.68
2059,504270,280.0,413.48
2060,504575,305.0,411.53
2061,505075,500.0,411.53
2062,505256,181.0,408.34
2063,505756,500.0,410.07
2064,506256,500.0,410.07
2065,506588,332.0,408.39
2066,507088,500.0,408.39
2067,507588,500.0,408.39
2068,508088,500.0,411.19
2069,508588,500.0,411.43
2070,509073,485.0,411.28
2071,509403,330.0,409.94
2072,509903,500.0,412.22
2073,510227,324.0,414.29
2074,510727,500.0,414.94
2075,511227,500.0,414.94
2076,511604,377.0,416.37
2077,512104,500.0,416.37
2078,512604,500.0,420.35
2079,513104,500.0,420.35
2080,513474,370.0,419.05
2081,513974,500.0,420.95
2082,514474,500.0,422.47
2083,514738,264.0,421.57
2084,515238,500.0,422.17
2085,515568,330.0,420.47
2086,515961,393.0,419.4
2087,516461,500.0,419.4
2088,516664,203.0,419.34
2089,517164,500.0,419.34
2090,517664,500.0,419.34
2091,518164,500.0,420.11
2092,518493,329.0,421.93
2093,518993,500.0,421.93
2094,519339,346.0,422.2
2095,519800,461.0,423.56
2096,520300,500.0,426.48
2097,520800,500.0,426.48
2098,521140,340.0,427.29
2099,521632,492.0,427.21
2100,521951,319.0,426.9
2101,522275,324.0,427.09
2102,522713,438.0,430.13
2103,523014,301.0,428.14
2104,523514,500.0,428.36
2105,524014,500.0,428.36
2106,524361,347.0,426.83
2107,524737,376.0,427.39
2108,525237,500.0,427.39
2109,525688,451.0,426.9
2110,525841,153.0,423.43
2111,526114,273.0,421.16
2112,526568,454.0,421.73
2113,527068,500.0,421.73
2114,527438,370.0,420.43
2115,527938,500.0,420.43
2116,528438,500.0,420.43
2117,528731,293.0,419.04
2118,528928,197.0,418.26
2119,529428,500.0,418.26
2120,529854,426.0,418.94
2121,530354,500.0,418.94
2122,530854,500.0,421.44
2123,531118,264.0,419.08
2124,531618,500.0,419.08
2125,532118,500.0,420.12
2126,532596,478.0,421.97
2127,533096,500.0,421.97
2128,533531,435.0,421.32
2129,533742,211.0,421.93
2130,534242,500.0,423.04
2131,534536,294.0,420.98
2132,535036,500.0,420.98
2133,535536,500.0,420.98
2134,535895,359.0,421.47
2135,536395,500.0,421.47
2136,536789,394.0,421.19
2137,537113,324.0,419.43
2138,537556,443.0,418.99
2139,538056,500.0,421.96
2140,538192,136.0,419.57
2141,538692,500.0,419.57
2142,539192,500.0,421.4
2143,539692,500.0,424.76
2144,540050,358.0,423.34
2145,540350,300.0,424.15
2146,540695,345.0,422.6
2147,541095,400.0,421.6
2148,541595,500.0,421.6
2149,542095,500.0,421.6
2150,542575,480.0,421.4
2151,542916,341.0,419.81
2152,543274,358.0,418.39
2153,543408,134.0,415.48
2154,543908,500.0,415.48
2155,544408,500.0,417.62
2156,544696,288.0,415.5
2157,545160,464.0,416.51
2158,545639,479.0,416.49
2159,546126,487.0,418.56
2160,546453,327.0,418.78
2161,546953,500.0,418.78
2162,547453,500.0,421.97
2163,547877,424.0,421.21
2164,548154,277.0,418.98
2165,548419,265.0,418.31
2166,548647,228.0,415.59
2167,549147,500.0,415.59
2168,549532,385.0,414.44
2169,549867,335.0,412.79
2170,550367,500.0,412.94
2171,550558,191.0,411.55
2172,550725,167.0,408.22
2173,551225,500.0,409.98
2174,551641,416.0,409.14
2175,552112,471.0,408.85
2176,552457,345.0,408.53
2177,552957,500.0,408.53
2178,553423,466.0,408.19
2179,553658,235.0,405.54
2180,554158,500.0,406.84
2181,554658,500.0,406.84
2182,554920,262.0,404.46
2183,555365,445.0,406.27
2184,555865,500.0,406.27
2185,556365,500.0,407.97
2186,556805,440.0,408.44
2187,557223,418.0,407.62
2188,557723,500.0,410.59
2189,558223,500.0,410.59
2190,558659,436.0,409.95
2191,559124,465.0,409.6
2192,559569,445.0,410.76
2193,560069,500.0,410.76
2194,560394,325.0,410.55
2195,560682,288.0,408.82
2196,561057,375.0,407.57
2197,561557,500.0,407.57
2198,561779,222.0,406.39
2199,562217,438.0,405.85
2200,562717,500.0,407.66
2201,563216,499.0,409.41
2202,563716,500.0,410.03
2203,564012,296.0,409.98
2204,564337,325.0,408.23
2205,564695,358.0,406.81
2206,564880,185.0,405.19
2207,565380,500.0,406.43
2208,565880,500.0,406.43
2209,566023,143.0,403.35
2210,566396,373.0,405.55
2211,566896,500.0,407.82
2212,567396,500.0,408.28
2213,567720,324.0,406.52
2214,568220,500.0,407.82
2215,568720,500.0,407.82
2216,569220,500.0,407.82
2217,569720,500.0,409.89
2218,570180,460.0,412.52
2219,570680,500.0,412.52
2220,571180,500.0,413.26
2221,571680,500.0,413.26
2222,572180,500.0,413.26
2223,572680,500.0,415.62
2224,573180,500.0,415.62
2225,573680,500.0,415.62
2226,574180,500.0,415.84
2227,574680,500.0,415.84
2228,574955,275.0,414.24
2229,575455,500.0,417.13
2230,575955,500.0,417.13
2231,576455,500.0,419.19
2232,576955,500.0,419.19
2233,577455,500.0,419.19
2234,577955,500.0,420.6
2235,578375,420.0,419.8
2236,578875,500.0,420.86
2237,579260,385.0,421.47
2238,579760,500.0,422.04
2239,580260,500.0,422.04
2240,580760,500.0,425.68
2241,581118,358.0,424.26
2242,581618,500.0,424.26
2243,582118,500.0,424.26
2244,582618,500.0,425.68
2245,583118,500.0,427.68
2246,583618,500.0,429.23
2247,584118,500.0,430.23
2248,584348,230.0,427.53
2249,584764,416.0,426.69
2250,585173,409.0,425.98
2251,585673,500.0,427.57
2252,586173,500.0,428.99
2253,586673,500.0,432.65
2254,587173,500.0,432.65
2255,587673,500.0,432.65
2256,587819,146.0,431.23
2257,588150,331.0,429.9
2258,588650,500.0,430.11
2259,588788,138.0,426.62
2260,589288,500.0,428.35
2261,589788,500.0,428.35
2262,590288,500.0,428.35
2263,590788,500.0,429.11
2264,591288,500.0,431.34
2265,591788,500.0,433.69
2266,592288,500.0,436.41
2267,592788,500.0,436.41
2268,593288,500.0,437.56
2269,593788,500.0,439.21
2270,594288,500.0,439.21
2271,594788,500.0,442.3
2272,595288,500.0,445.63
2273,595411,123.0,441.86
2274,595659,248.0,440.18
2275,595861,202.0,437.49
2276,596361,500.0,439.04
2277,596861,500.0,439.04
2278,597361,500.0,439.38
2279,597709,348.0,440.51
2280,598209,500.0,440.51
2281,598566,357.0,439.08
2282,599066,500.0,441.46
2283,599550,484.0,441.85
2284,599982,432.0,441.17
2285,600346,364.0,439.81
2286,600846,500.0,440.41
2287,601346,500.0,441.23
2288,601846,500.0,441.23
2289,602346,500.0,441.23
2290,602528,182.0,438.69
2291,603028,500.0,439.04
2292,603528,500.0,439.59
2293,604028,500.0,439.59
2294,604528,500.0,441.34
2295,605028,500.0,443.46
2296,605528,500.0,444.71
2297,606028,500.0,444.71
2298,606528,500.0,447.49
2299,607028,500.0,448.11
2300,607528,500.0,448.11
2301,608028,500.0,448.12
2302,608528,500.0,448.12
2303,609009,481.0,449.97
2304,609509,500.0,451.72
2305,610009,500.0,453.14
2306,610509,500.0,456.29
2307,611009,500.0,456.29
2308,611509,500.0,456.29
2309,612009,500.0,459.86
2310,612509,500.0,461.13
2311,613009,500.0,461.13
2312,613194,185.0,457.98
2313,613540,346.0,458.2
2314,614040,500.0,458.2
2315,614540,500.0,458.2
2316,615040,500.0,458.2
2317,615540,500.0,458.2
2318,615943,403.0,457.63
2319,616443,500.0,457.63
2320,616943,500.0,457.63
2321,617106,163.0,454.26
2322,617606,500.0,454.26
2323,618042,436.0,453.62
2324,618542,500.0,453.62
2325,618894,352.0,452.14
2326,619394,500.0,452.14
2327,619894,500.0,452.14
2328,620394,500.0,454.39
2329,620623,229.0,451.68
2330,621123,500.0,451.68
2331,621623,500.0,451.68
2332,622123,500.0,451.68
2333,622526,403.0,450.71
2334,623026,500.0,450.71
2335,623526,500.0,451.51
2336,623757,231.0,448.82
2337,624257,500.0,449.97
2338,624381,124.0,446.21
2339,624881,500.0,446.21
2340,625381,500.0,446.21
2341,625881,500.0,447.63
2342,626381,500.0,447.63
2343,626651,270.0,445.33
2344,627151,500.0,445.33
2345,627529,378.0,444.11
2346,628029,500.0,444.11
2347,628529,500.0,444.11
2348,628953,424.0,446.05
2349,629453,500.0,446.89
2350,629953,500.0,447.8
2351,630453,500.0,447.8
2352,630953,500.0,447.8
2353,631453,500.0,447.8
2354,631953,500.0,447.8
2355,632453,500.0,447.8
2356,632617,164.0,447.98
2357,633117,500.0,449.67
2358,633617,500.0,449.67
2359,634117,500.0,453.29
2360,634617,500.0,453.29
2361,635117,500.0,453.29
2362,635617,500.0,453.29
2363,636117,500.0,453.29
2364,636617,500.0,453.29
2365,636998,381.0,452.1
2366,637498,500.0,452.1
2367,637998,500.0,452.1
2368,638275,277.0,449.87
2369,638775,500.0,449.87
2370,639275,500.0,449.87
2371,639775,500.0,449.87
2372,640275,500.0,449.87
2373,640775,500.0,453.64
2374,641275,500.0,456.16
2375,641775,500.0,459.14
2376,642275,500.0,459.14
2377,642775,500.0,459.14
2378,643275,500.0,459.14
2379,643775,500.0,460.66
2380,644275,500.0,460.66
2381,644775,500.0,462.09
2382,645275,500.0,462.09
2383,645775,500.0,462.25
2384,646275,500.0,462.93
2385,646554,279.0,462.08
2386,646945,391.0,460.99
2387,647445,500.0,460.99
2388,647945,500.0,460.99
2389,648445,500.0,460.99
2390,648855,410.0,463.27
2391,649355,500.0,463.27
2392,649756,401.0,462.28
2393,650256,500.0,462.28
2394,650756,500.0,462.28
2395,651256,500.0,462.28
2396,651756,500.0,462.28
2397,652256,500.0,462.28
2398,652756,500.0,462.28
2399,653256,500.0,462.28
2400,653432,176.0,459.04
2401,653932,500.0,459.04
2402,654432,500.0,459.04
2403,654932,500.0,459.23
2404,655432,500.0,459.23
2405,655932,500.0,459.23
2406,656261,329.0,457.52
2407,656552,291.0,455.43
2408,657052,500.0,455.43
2409,657552,500.0,455.43
2410,658052,500.0,455.43
2411,658552,500.0,455.43
2412,659052,500.0,458.58
2413,659479,427.0,459.39
2414,659979,500.0,459.39
2415,660180,201.0,456.4
2416,660680,500.0,456.4
2417,661180,500.0,456.4
2418,661680,500.0,457.37
2419,662180,500.0,457.37
2420,662603,423.0,456.6
2421,663103,500.0,459.97
2422,663603,500.0,459.97
2423,663994,391.0,459.52
2424,664494,500.0,459.52
2425,664994,500.0,461.0
2426,665494,500.0,461.0
2427,665994,500.0,461.0
2428,666240,246.0,458.46
2429,666740,500.0,461.17
2430,667240,500.0,461.17
2431,667740,500.0,461.17
2432,668239,499.0,461.16
2433,668698,459.0,461.72
2434,669198,500.0,461.72
2435,669698,500.0,461.72
2436,670043,345.0,462.86
2437,670543,500.0,462.86
2438,671043,500.0,466.62
2439,671543,500.0,466.62
2440,671829,286.0,464.48
2441,672194,365.0,463.13
2442,672692,498.0,463.11
2443,673019,327.0,463.68
2444,673448,429.0,462.97
2445,673948,500.0,464.19
2446,674064,116.0,460.35
2447,674564,500.0,460.35
2448,675064,500.0,461.11
2449,675564,500.0,461.11
2450,675994,430.0,460.41
2451,676494,500.0,460.41
2452,676893,399.0,459.4
2453,677393,500.0,459.4
2454,677893,500.0,459.4
2455,678207,314.0,457.54
2456,678707,500.0,460.9
2457,679207,500.0,460.9
2458,679707,500.0,460.9
2459,680138,431.0,460.21
2460,680638,500.0,460.21
2461,681138,500.0,460.21
2462,681638,500.0,460.21
2463,682138,500.0,460.21
2464,682638,500.0,460.21
2465,683138,500.0,461.4
2466,683366,228.0,458.68
2467,683866,500.0,458.68
2468,684336,470.0,460.61
2469,684593,257.0,458.18
2470,685027,434.0,457.52
2471,685527,500.0,457.52
2472,685824,297.0,455.49
2473,686324,500.0,455.49
2474,686408,84.0,451.33
2475,686751,343.0,449.76
2476,687170,419.0,448.95
2477,687467,297.0,446.92
2478,687967,500.0,446.92
2479,688467,500.0,446.92
2480,688952,485.0,446.77
2481,689452,500.0,446.77
2482,689952,500.0,446.77
2483,690452,500.0,446.77
2484,690687,235.0,444.12
2485,691088,401.0,445.34
2486,691588,500.0,446.43
2487,692088,500.0,446.43
2488,692475,387.0,445.3
2489,692896,421.0,444.51
2490,693396,500.0,445.41
2491,693896,500.0,445.41
2492,694396,500.0,446.4
2493,694896,500.0,446.4
2494,695173,277.0,444.17
2495,695592,419.0,443.36
2496,696040,448.0,442.84
2497,696519,479.0,442.63
2498,697019,500.0,442.63
2499,697519,500.0,442.63
2500,698019,500.0,445.87
2501,698474,455.0,445.42
2502,698792,318.0,443.6
2503,699227,435.0,442.95
2504,699727,500.0,442.95
2505,700227,500.0,442.95
2506,700727,500.0,444.66
2507,701190,463.0,446.38
2508,701690,500.0,446.38
2509,702190,500.0,446.38
2510,702690,500.0,446.38
2511,703161,471.0,446.09
2512,703661,500.0,446.09
2513,703803,142.0,443.24
2514,704303,500.0,443.24
2515,704630,327.0,444.5
2516,705130,500.0,444.5
2517,705399,269.0,442.19
2518,705899,500.0,442.19
2519,706399,500.0,442.19
2520,706752,353.0,441.49
2521,707202,450.0,440.99
2522,707702,500.0,440.99
2523,708202,500.0,442.08
2524,708702,500.0,442.08
2525,709202,500.0,442.08
2526,709702,500.0,442.08
2527,710202,500.0,442.08
2528,710702,500.0,444.62
2529,711202,500.0,444.62
2530,711702,500.0,444.62
2531,712202,500.0,444.62
2532,712702,500.0,444.63
2533,713202,500.0,445.04
2534,713702,500.0,445.04
2535,714202,500.0,445.04
2536,714702,500.0,446.59
2537,715202,500.0,446.59
2538,715674,472.0,446.31
2539,716174,500.0,446.31
2540,716674,500.0,448.45
2541,717174,500.0,449.8
2542,717674,500.0,449.82
2543,718174,500.0,451.55
2544,718470,296.0,450.22
2545,718970,500.0,450.22
2546,719470,500.0,454.06
2547,719970,500.0,454.06
2548,720232,262.0,451.68
2549,720732,500.0,451.68
2550,721232,500.0,452.38
2551,721732,500.0,452.38
2552,722232,500.0,453.39
2553,722732,500.0,453.39
2554,723232,500.0,453.39
2555,723732,500.0,455.25
2556,724232,500.0,455.25
2557,724732,500.0,455.25
2558,725232,500.0,455.25
2559,725562,330.0,454.24
2560,725731,169.0,450.93
2561,726231,500.0,450.93
2562,726731,500.0,450.93
2563,727148,417.0,450.1
2564,727648,500.0,450.1
2565,728122,474.0,449.84
2566,728622,500.0,452.56
2567,729122,500.0,452.56
2568,729622,500.0,452.86
2569,730008,386.0,454.15
2570,730508,500.0,454.81
2571,730790,282.0,452.63
2572,731290,500.0,454.66
2573,731790,500.0,454.66
2574,732290,500.0,458.82
2575,732790,500.0,460.39
2576,733290,500.0,461.2
2577,733790,500.0,463.23
2578,734290,500.0,463.23
2579,734790,500.0,463.23
2580,735290,500.0,463.38
2581,735790,500.0,463.38
2582,736124,334.0,461.72
2583,736624,500.0,461.72
2584,737010,386.0,463.23
2585,737510,500.0,464.22
2586,737912,402.0,463.24
2587,738412,500.0,463.24
2588,738631,219.0,461.56
2589,738873,242.0,459.77
2590,739373,500.0,459.77
2591,739606,233.0,457.1
2592,740056,450.0,456.6
2593,740556,500.0,456.6
2594,740941,385.0,457.68
2595,741441,500.0,458.49
2596,741697,256.0,456.57
2597,742070,373.0,455.51
2598,742570,500.0,455.51
2599,742713,143.0,451.94
2600,743155,442.0,451.36
2601,743655,500.0,451.81
2602,743820,165.0,450.28
2603,744320,500.0,450.93
2604,744820,500.0,450.93
2605,745243,423.0,450.16
2606,745743,500.0,450.16
2607,746243,500.0,450.53
2608,746743,500.0,450.53
2609,747243,500.0,450.53
2610,747743,500.0,450.53
2611,748243,500.0,450.82
2612,748743,500.0,450.82
2613,749243,500.0,454.4
2614,749529,286.0,452.26
2615,749847,318.0,452.17
2616,750123,276.0,449.93
2617,750623,500.0,452.24
2618,751123,500.0,452.24
2619,751583,460.0,451.84
2620,751991,408.0,452.39
2621,752491,500.0,452.89
2622,752991,500.0,452.89
2623,753491,500.0,452.89
2624,753991,500.0,452.89
2625,754291,300.0,450.89
2626,754709,418.0,450.07
2627,754860,151.0,446.58
2628,755360,500.0,446.58
2629,755860,500.0,446.58
2630,756243,383.0,445.41
2631,756684,441.0,444.82
2632,757184,500.0,444.82
2633,757684,500.0,444.82
2634,758174,490.0,444.72
2635,758674,500.0,444.72
2636,759174,500.0,444.72
2637,759674,500.0,444.72
2638,760103,429.0,444.29
2639,760603,500.0,444.29
2640,761103,500.0,444.29
2641,761603,500.0,444.29
2642,762103,500.0,444.29
2643,762603,500.0,444.29
2644,763015,412.0,445.45
2645,763515,500.0,445.45
2646,764015,500.0,445.45
2647,764515,500.0,445.45
2648,764846,331.0,446.14
2649,765346,500.0,446.14
2650,765846,500.0,446.14
2651,766343,497.0,446.11
2652,766843,500.0,446.11
2653,767343,500.0,446.11
2654,767843,500.0,446.11
2655,768343,500.0,446.11
2656,768547,204.0,443.15
2657,769047,500.0,443.15
2658,769547,500.0,443.15
2659,769841,294.0,442.79
2660,770341,500.0,446.1
2661,770841,500.0,446.1
2662,771341,500.0,446.1
2663,771841,500.0,446.93
2664,772341,500.0,446.93
2665,772841,500.0,447.19
2666,773341,500.0,447.19
2667,773841,500.0,447.19
2668,774341,500.0,447.19
2669,774841,500.0,448.33
2670,775333,492.0,448.25
2671,775833,500.0,450.43
2672,776333,500.0,450.43
2673,776833,500.0,450.43
2674,777333,500.0,450.43
2675,777833,500.0,450.43
2676,778333,500.0,450.43
2677,778833,500.0,450.43
2678,779333,500.0,450.43
2679,779677,344.0,448.87
2680,780177,500.0,448.87
2681,780572,395.0,447.82
2682,781072,500.0,449.48
2683,781572,500.0,449.48
2684,782072,500.0,450.62
2685,782572,500.0,450.62
2686,783072,500.0,451.6
2687,783572,500.0,451.6
2688,784072,500.0,454.41
2689,784526,454.0,456.53
2690,784930,404.0,455.57
2691,785430,500.0,458.24
2692,785930,500.0,458.74
2693,786430,500.0,458.74
2694,786930,500.0,459.89
2695,787430,500.0,459.89
2696,787930,500.0,462.33
2697,788430,500.0,463.6
2698,788930,500.0,463.6
2699,789430,500.0,467.17
2700,789930,500.0,467.75
2701,790430,500.0,467.75
2702,790930,500.0,471.1
2703,791430,500.0,471.1
2704,791930,500.0,471.1
2705,792430,500.0,471.87
2706,792930,500.0,471.87
2707,793430,500.0,471.87
2708,793930,500.0,471.87
2709,794430,500.0,471.87
2710,794930,500.0,471.87
2711,795430,500.0,471.87
2712,795930,500.0,471.87
2713,796430,500.0,471.87
2714,796930,500.0,474.01
2715,797430,500.0,475.83
